Time Sampled,Die Temperature Present (C),Die Temperature Device Max, Die Temperature Device Min,Die Temperature Sampled Max,Die Temperature Sampled Min,Die Temperature Window Average,Die Temperature Window Max,Die Temperature Window Min,VCCINT Supply Present (V),VCCINT Supply Device Max,VCCINT Supply Device Min,VCCINT Supply Sampled Max,VCCINT Supply Sampled Min,VCCINT Supply Window Average,VCCINT Supply Window Max,VCCINT Supply Window Min,VCCAUX Supply Present (V),VCCAUX Supply Device Max,VCCAUX Device Min,VCCAUX Supply Sampled Max,VCCAUX Supply Sampled Min,VCCAUX Supply Window Average,VCCAUX Supply Window Max,VCCAUX Supply Window Min
2013.10.11 11:01:09, 39.5,54.5,39.5,118.5,33.5,40.3,41.0,39.5,1.008,1.008,1.003,1.894,1.001,1.007,1.008,1.006,2.498,2.500,2.489,2.504,1.485,2.498,2.499,2.496,

2013.10.11 11:01:10, 39.5,54.5,39.5,118.5,33.5,40.2,41.0,39.5,1.007,1.008,1.003,1.894,1.001,1.007,1.008,1.007,2.497,2.500,2.489,2.504,1.485,2.498,2.499,2.496,

2013.10.11 11:01:11, 39.5,54.5,39.0,118.5,33.5,40.1,41.0,39.5,1.007,1.008,1.003,1.894,1.001,1.007,1.008,1.007,2.499,2.500,2.489,2.504,1.485,2.498,2.499,2.496,

2013.10.11 11:01:12, 39.5,54.5,39.0,118.5,33.5,40.0,40.5,39.5,1.007,1.008,1.003,1.894,1.001,1.007,1.008,1.007,2.499,2.500,2.489,2.504,1.485,2.498,2.499,2.496,

2013.10.11 11:01:13, 39.5,54.5,39.0,118.5,33.5,40.0,40.5,39.5,1.007,1.008,1.003,1.894,1.001,1.007,1.008,1.007,2.499,2.500,2.489,2.504,1.485,2.498,2.499,2.496,

2013.10.11 11:01:14, 39.5,54.5,39.0,118.5,33.5,39.9,40.5,39.5,1.007,1.008,1.003,1.894,1.001,1.007,1.008,1.007,2.498,2.500,2.489,2.504,1.485,2.498,2.499,2.496,

2013.10.11 11:01:15, 39.0,54.5,39.0,118.5,33.5,39.8,40.5,39.0,1.007,1.008,1.003,1.894,1.001,1.007,1.008,1.007,2.498,2.500,2.489,2.504,1.485,2.498,2.499,2.496,

2013.10.11 11:01:16, 39.5,54.5,39.0,118.5,33.5,39.8,40.5,39.0,1.007,1.008,1.003,1.894,1.001,1.007,1.008,1.007,2.498,2.500,2.489,2.504,1.485,2.498,2.499,2.496,

2013.10.11 11:01:17, 39.5,54.5,39.0,118.5,33.5,39.7,40.0,39.0,1.007,1.008,1.003,1.894,1.001,1.007,1.008,1.007,2.497,2.501,2.489,2.504,1.485,2.498,2.499,2.497,

2013.10.11 11:01:18, 39.0,54.5,39.0,118.5,33.5,39.6,40.0,39.0,1.007,1.008,1.003,1.894,1.001,1.007,1.008,1.007,2.498,2.501,2.489,2.504,1.485,2.498,2.499,2.497,

2013.10.11 11:01:19, 39.0,54.5,39.0,118.5,33.5,39.6,40.0,39.0,1.007,1.008,1.003,1.894,1.001,1.007,1.008,1.007,2.498,2.501,2.489,2.504,1.485,2.498,2.499,2.497,

2013.10.11 11:01:20, 39.0,54.5,38.5,118.5,33.5,39.5,40.0,39.0,1.007,1.008,1.003,1.894,1.001,1.007,1.008,1.007,2.499,2.501,2.489,2.504,1.485,2.498,2.499,2.497,

2013.10.11 11:01:21, 39.0,54.5,38.5,118.5,33.5,39.4,40.0,39.0,1.007,1.008,1.003,1.894,1.001,1.007,1.008,1.007,2.498,2.501,2.489,2.504,1.485,2.498,2.499,2.497,

2013.10.11 11:01:22, 39.0,54.5,38.5,118.5,33.5,39.4,40.0,39.0,1.007,1.008,1.003,1.894,1.001,1.007,1.008,1.007,2.497,2.501,2.489,2.504,1.485,2.498,2.499,2.497,

2013.10.11 11:01:23, 39.0,54.5,38.5,118.5,33.5,39.3,40.0,39.0,1.007,1.008,1.003,1.894,1.001,1.007,1.008,1.007,2.498,2.501,2.489,2.504,1.485,2.498,2.499,2.497,

2013.10.11 11:01:24, 39.0,54.5,38.5,118.5,33.5,39.3,39.5,39.0,1.007,1.008,1.003,1.894,1.001,1.007,1.008,1.007,2.499,2.501,2.489,2.504,1.485,2.498,2.499,2.497,

2013.10.11 11:01:25, 38.5,54.5,38.5,118.5,33.5,39.2,39.5,38.5,1.007,1.008,1.003,1.894,1.001,1.007,1.007,1.007,2.498,2.501,2.489,2.504,1.485,2.498,2.499,2.497,

2013.10.11 11:01:26, 38.5,54.5,38.5,118.5,33.5,39.1,39.5,38.5,1.007,1.008,1.003,1.894,1.001,1.007,1.007,1.007,2.498,2.501,2.489,2.504,1.485,2.498,2.499,2.497,

2013.10.11 11:01:27, 38.5,54.5,38.0,118.5,33.5,39.1,39.5,38.5,1.008,1.008,1.003,1.894,1.001,1.007,1.008,1.007,2.497,2.501,2.489,2.504,1.485,2.498,2.499,2.497,

2013.10.11 11:01:28, 38.5,54.5,38.0,118.5,33.5,39.0,39.5,38.5,1.008,1.008,1.003,1.894,1.001,1.007,1.008,1.007,2.497,2.501,2.489,2.504,1.485,2.498,2.499,2.497,

2013.10.11 11:01:29, 38.5,54.5,38.0,118.5,33.5,38.9,39.5,38.5,1.008,1.008,1.003,1.894,1.001,1.007,1.008,1.007,2.499,2.501,2.489,2.504,1.485,2.498,2.499,2.497,

2013.10.11 11:01:30, 38.5,54.5,38.0,118.5,33.5,38.9,39.5,38.5,1.008,1.008,1.003,1.894,1.001,1.007,1.008,1.007,2.500,2.501,2.489,2.504,1.485,2.498,2.500,2.497,

2013.10.11 11:01:31, 38.0,54.5,38.0,118.5,33.5,38.8,39.5,38.0,1.007,1.008,1.003,1.894,1.001,1.007,1.008,1.007,2.499,2.501,2.489,2.504,1.485,2.498,2.500,2.497,

2013.10.11 11:01:32, 38.5,54.5,38.0,118.5,33.5,38.8,39.5,38.0,1.007,1.008,1.003,1.894,1.001,1.007,1.008,1.007,2.499,2.501,2.489,2.504,1.485,2.498,2.500,2.497,

2013.10.11 11:01:33, 38.0,54.5,38.0,118.5,33.5,38.7,39.0,38.0,1.007,1.008,1.003,1.894,1.001,1.007,1.008,1.007,2.500,2.501,2.489,2.504,1.485,2.498,2.500,2.497,

2013.10.11 11:01:34, 38.0,54.5,37.5,118.5,33.5,38.6,39.0,38.0,1.008,1.008,1.003,1.894,1.001,1.007,1.008,1.007,2.500,2.501,2.489,2.504,1.485,2.499,2.500,2.497,

2013.10.11 11:01:35, 38.0,54.5,37.5,118.5,33.5,38.5,39.0,38.0,1.008,1.008,1.003,1.894,1.001,1.007,1.008,1.007,2.500,2.501,2.489,2.504,1.485,2.499,2.500,2.497,

2013.10.11 11:01:36, 38.0,54.5,37.5,118.5,33.5,38.5,39.0,38.0,1.007,1.008,1.003,1.894,1.001,1.007,1.008,1.007,2.499,2.501,2.489,2.504,1.485,2.499,2.500,2.497,

2013.10.11 11:01:37, 38.0,54.5,37.5,118.5,33.5,38.4,39.0,38.0,1.008,1.008,1.003,1.894,1.001,1.007,1.008,1.007,2.498,2.501,2.489,2.504,1.485,2.499,2.500,2.497,

2013.10.11 11:01:38, 38.0,54.5,37.5,118.5,33.5,38.3,39.0,38.0,1.007,1.008,1.003,1.894,1.001,1.007,1.008,1.007,2.498,2.502,2.489,2.504,1.485,2.499,2.500,2.497,

2013.10.11 11:01:39, 38.0,54.5,37.5,118.5,33.5,38.3,39.0,38.0,1.007,1.008,1.003,1.894,1.001,1.007,1.008,1.007,2.500,2.502,2.489,2.504,1.485,2.499,2.500,2.497,

2013.10.11 11:01:40, 37.5,54.5,37.5,118.5,33.5,38.2,38.5,37.5,1.008,1.009,1.003,1.894,1.001,1.007,1.008,1.007,2.499,2.502,2.489,2.504,1.485,2.499,2.500,2.497,

2013.10.11 11:01:41, 37.5,54.5,37.0,118.5,33.5,38.1,38.5,37.5,1.008,1.009,1.003,1.894,1.001,1.008,1.008,1.007,2.499,2.502,2.489,2.504,1.485,2.499,2.500,2.497,

2013.10.11 11:01:42, 37.5,54.5,37.0,118.5,33.5,38.1,38.5,37.5,1.008,1.009,1.003,1.894,1.001,1.008,1.008,1.007,2.500,2.502,2.489,2.504,1.485,2.499,2.500,2.497,

2013.10.11 11:01:43, 37.5,54.5,37.0,118.5,33.5,38.0,38.5,37.5,1.008,1.009,1.003,1.894,1.001,1.008,1.008,1.007,2.499,2.502,2.489,2.504,1.485,2.499,2.500,2.497,

2013.10.11 11:01:44, 37.5,54.5,37.0,118.5,33.5,37.9,38.5,37.5,1.007,1.009,1.003,1.894,1.001,1.008,1.008,1.007,2.499,2.502,2.489,2.504,1.485,2.499,2.500,2.498,

2013.10.11 11:01:45, 37.5,54.5,37.0,118.5,33.5,37.9,38.5,37.5,1.008,1.009,1.003,1.894,1.001,1.008,1.008,1.007,2.500,2.502,2.489,2.504,1.485,2.499,2.500,2.498,

2013.10.11 11:01:46, 37.5,54.5,37.0,118.5,33.5,37.8,38.5,37.5,1.007,1.009,1.003,1.894,1.001,1.007,1.008,1.007,2.499,2.502,2.489,2.504,1.485,2.499,2.500,2.498,

2013.10.11 11:01:47, 37.0,54.5,37.0,118.5,33.5,37.8,38.5,37.0,1.007,1.009,1.003,1.894,1.001,1.007,1.008,1.007,2.500,2.502,2.489,2.504,1.485,2.499,2.500,2.498,

2013.10.11 11:01:48, 37.5,54.5,37.0,118.5,33.5,37.7,38.0,37.0,1.008,1.009,1.003,1.894,1.001,1.008,1.008,1.007,2.500,2.502,2.489,2.504,1.485,2.499,2.500,2.498,

2013.10.11 11:01:49, 37.0,54.5,37.0,118.5,33.5,37.6,38.0,37.0,1.008,1.009,1.003,1.894,1.001,1.008,1.008,1.007,2.500,2.502,2.489,2.504,1.485,2.499,2.500,2.498,

2013.10.11 11:01:50, 37.0,54.5,37.0,118.5,33.5,37.6,38.0,37.0,1.007,1.009,1.003,1.894,1.001,1.008,1.008,1.007,2.498,2.502,2.489,2.504,1.485,2.499,2.500,2.498,

2013.10.11 11:01:51, 37.0,54.5,37.0,118.5,33.5,37.5,38.0,37.0,1.007,1.009,1.003,1.894,1.001,1.007,1.008,1.007,2.498,2.502,2.489,2.504,1.485,2.499,2.500,2.498,

2013.10.11 11:01:52, 37.0,54.5,36.5,118.5,33.5,37.4,38.0,37.0,1.008,1.009,1.003,1.894,1.001,1.008,1.008,1.007,2.501,2.502,2.489,2.504,1.485,2.499,2.501,2.498,

2013.10.11 11:01:53, 37.0,54.5,36.5,118.5,33.5,37.4,38.0,37.0,1.008,1.009,1.003,1.894,1.001,1.008,1.008,1.007,2.500,2.502,2.489,2.504,1.485,2.499,2.501,2.498,

2013.10.11 11:01:54, 37.0,54.5,36.5,118.5,33.5,37.3,38.0,37.0,1.008,1.009,1.003,1.894,1.001,1.008,1.008,1.007,2.500,2.502,2.489,2.504,1.485,2.500,2.501,2.498,

2013.10.11 11:01:55, 37.0,54.5,36.5,118.5,33.5,37.3,37.5,37.0,1.007,1.009,1.003,1.894,1.001,1.008,1.008,1.007,2.500,2.502,2.489,2.504,1.485,2.500,2.501,2.498,

2013.10.11 11:01:56, 37.0,54.5,36.5,118.5,33.5,37.2,37.5,37.0,1.007,1.009,1.003,1.894,1.001,1.008,1.008,1.007,2.500,2.502,2.489,2.504,1.485,2.500,2.501,2.498,

2013.10.11 11:01:57, 37.0,54.5,36.5,118.5,33.5,37.2,37.5,37.0,1.007,1.009,1.003,1.894,1.001,1.007,1.008,1.007,2.499,2.502,2.489,2.504,1.485,2.500,2.501,2.498,

2013.10.11 11:01:58, 37.0,54.5,36.5,118.5,33.5,37.2,37.5,37.0,1.008,1.009,1.003,1.894,1.001,1.007,1.008,1.007,2.499,2.502,2.489,2.504,1.485,2.500,2.501,2.498,

2013.10.11 11:01:59, 37.0,54.5,36.5,118.5,33.5,37.1,37.5,37.0,1.007,1.009,1.003,1.894,1.001,1.007,1.008,1.007,2.499,2.502,2.489,2.504,1.485,2.500,2.501,2.498,

2013.10.11 11:02:00, 37.0,54.5,36.5,118.5,33.5,37.1,37.5,37.0,1.008,1.009,1.003,1.894,1.001,1.007,1.008,1.007,2.500,2.502,2.489,2.504,1.485,2.500,2.501,2.498,

2013.10.11 11:02:01, 37.0,54.5,36.5,118.5,33.5,37.1,37.5,37.0,1.008,1.009,1.003,1.894,1.001,1.007,1.008,1.007,2.500,2.502,2.489,2.504,1.485,2.500,2.501,2.498,

2013.10.11 11:02:02, 36.5,54.5,36.5,118.5,33.5,37.0,37.5,36.5,1.007,1.009,1.003,1.894,1.001,1.008,1.008,1.007,2.501,2.502,2.489,2.504,1.485,2.500,2.501,2.498,

2013.10.11 11:02:03, 36.5,54.5,36.5,118.5,33.5,37.0,37.5,36.5,1.007,1.009,1.003,1.894,1.001,1.007,1.008,1.007,2.500,2.502,2.489,2.504,1.485,2.500,2.501,2.498,

2013.10.11 11:02:04, 37.0,54.5,36.5,118.5,33.5,36.9,37.0,36.5,1.008,1.009,1.003,1.894,1.001,1.007,1.008,1.007,2.502,2.502,2.489,2.504,1.485,2.500,2.502,2.498,

2013.10.11 11:02:05, 36.5,54.5,36.5,118.5,33.5,36.9,37.0,36.5,1.008,1.009,1.003,1.894,1.001,1.007,1.008,1.007,2.500,2.502,2.489,2.504,1.485,2.500,2.502,2.498,

2013.10.11 11:02:06, 36.5,54.5,36.0,118.5,33.5,36.9,37.0,36.5,1.008,1.009,1.003,1.894,1.001,1.008,1.008,1.007,2.501,2.502,2.489,2.504,1.485,2.500,2.502,2.498,

2013.10.11 11:02:07, 36.5,54.5,36.0,118.5,33.5,36.8,37.0,36.5,1.008,1.009,1.003,1.894,1.001,1.008,1.008,1.007,2.499,2.502,2.489,2.504,1.485,2.500,2.502,2.499,

2013.10.11 11:02:08, 36.5,54.5,36.0,118.5,33.5,36.8,37.0,36.5,1.008,1.009,1.003,1.894,1.001,1.008,1.008,1.007,2.500,2.502,2.489,2.504,1.485,2.500,2.502,2.499,

2013.10.11 11:02:09, 36.5,54.5,36.0,118.5,33.5,36.8,37.0,36.5,1.008,1.009,1.003,1.894,1.001,1.008,1.008,1.007,2.499,2.502,2.489,2.504,1.485,2.500,2.502,2.499,

2013.10.11 11:02:10, 36.0,54.5,36.0,118.5,33.5,36.7,37.0,36.0,1.008,1.009,1.003,1.894,1.001,1.008,1.008,1.007,2.501,2.502,2.489,2.504,1.485,2.500,2.502,2.499,

2013.10.11 11:02:11, 36.0,54.5,36.0,118.5,33.5,36.7,37.0,36.0,1.008,1.009,1.003,1.894,1.001,1.008,1.008,1.007,2.500,2.502,2.489,2.504,1.485,2.500,2.502,2.499,

2013.10.11 11:02:12, 36.0,54.5,36.0,118.5,33.5,36.6,37.0,36.0,1.007,1.009,1.003,1.894,1.001,1.008,1.008,1.007,2.500,2.502,2.489,2.504,1.485,2.500,2.502,2.499,

2013.10.11 11:02:13, 36.0,54.5,36.0,118.5,33.5,36.5,37.0,36.0,1.008,1.009,1.003,1.894,1.001,1.008,1.008,1.007,2.498,2.503,2.489,2.504,1.485,2.500,2.502,2.498,

2013.10.11 11:02:14, 36.0,54.5,36.0,118.5,33.5,36.5,37.0,36.0,1.007,1.009,1.003,1.894,1.001,1.008,1.008,1.007,2.502,2.503,2.489,2.504,1.485,2.500,2.502,2.498,

2013.10.11 11:02:15, 36.0,54.5,36.0,118.5,33.5,36.4,37.0,36.0,1.008,1.009,1.003,1.894,1.001,1.008,1.008,1.007,2.499,2.503,2.489,2.504,1.485,2.500,2.502,2.498,

2013.10.11 11:02:16, 36.0,54.5,35.5,118.5,33.5,36.3,37.0,36.0,1.008,1.009,1.003,1.894,1.001,1.008,1.008,1.007,2.500,2.503,2.489,2.504,1.485,2.500,2.502,2.498,

2013.10.11 11:02:17, 36.0,54.5,35.5,118.5,33.5,36.3,37.0,36.0,1.008,1.009,1.003,1.894,1.001,1.008,1.008,1.007,2.501,2.503,2.489,2.504,1.485,2.500,2.502,2.498,

2013.10.11 11:02:18, 36.0,54.5,35.5,118.5,33.5,36.3,37.0,36.0,1.008,1.009,1.003,1.894,1.001,1.008,1.008,1.007,2.501,2.503,2.489,2.504,1.485,2.500,2.502,2.498,

2013.10.11 11:02:19, 36.0,54.5,35.5,118.5,33.5,36.2,37.0,36.0,1.007,1.009,1.003,1.894,1.001,1.008,1.008,1.007,2.499,2.503,2.489,2.504,1.485,2.500,2.502,2.498,

2013.10.11 11:02:20, 36.0,54.5,35.5,118.5,33.5,36.2,36.5,36.0,1.008,1.009,1.003,1.894,1.001,1.008,1.008,1.007,2.500,2.503,2.489,2.504,1.485,2.500,2.502,2.498,

2013.10.11 11:02:21, 36.0,54.5,35.5,118.5,33.5,36.1,36.5,36.0,1.008,1.009,1.003,1.894,1.001,1.008,1.008,1.007,2.500,2.503,2.489,2.504,1.485,2.500,2.502,2.498,

2013.10.11 11:02:22, 36.0,54.5,35.5,118.5,33.5,36.1,36.5,36.0,1.008,1.009,1.003,1.894,1.001,1.008,1.008,1.007,2.500,2.503,2.489,2.504,1.485,2.500,2.502,2.498,

2013.10.11 11:02:23, 36.0,54.5,35.5,118.5,33.5,36.1,36.5,36.0,1.008,1.009,1.003,1.894,1.001,1.008,1.008,1.007,2.499,2.503,2.489,2.504,1.485,2.500,2.502,2.498,

2013.10.11 11:02:24, 36.0,54.5,35.5,118.5,33.5,36.0,36.5,36.0,1.008,1.009,1.003,1.894,1.001,1.008,1.008,1.007,2.500,2.503,2.489,2.504,1.485,2.500,2.502,2.498,

2013.10.11 11:02:25, 36.0,54.5,35.5,118.5,33.5,36.0,36.0,36.0,1.008,1.009,1.003,1.894,1.001,1.008,1.008,1.007,2.503,2.503,2.489,2.504,1.485,2.500,2.503,2.498,

2013.10.11 11:02:26, 36.0,54.5,35.5,118.5,33.5,36.0,36.0,36.0,1.008,1.009,1.003,1.894,1.001,1.008,1.008,1.007,2.500,2.503,2.489,2.504,1.485,2.500,2.503,2.498,

2013.10.11 11:02:27, 36.0,54.5,35.5,118.5,33.5,36.0,36.0,36.0,1.009,1.009,1.003,1.894,1.001,1.008,1.009,1.007,2.499,2.503,2.489,2.504,1.485,2.500,2.503,2.498,

2013.10.11 11:02:28, 36.0,54.5,35.5,118.5,33.5,36.0,36.0,36.0,1.008,1.009,1.003,1.894,1.001,1.008,1.009,1.007,2.501,2.503,2.489,2.504,1.485,2.500,2.503,2.498,

2013.10.11 11:02:29, 36.0,54.5,35.5,118.5,33.5,36.0,36.0,36.0,1.008,1.009,1.003,1.894,1.001,1.008,1.009,1.007,2.500,2.503,2.489,2.504,1.485,2.500,2.503,2.499,

2013.10.11 11:02:30, 36.0,54.5,35.5,118.5,33.5,36.0,36.0,36.0,1.008,1.009,1.003,1.894,1.001,1.008,1.009,1.007,2.500,2.503,2.489,2.504,1.485,2.500,2.503,2.499,

2013.10.11 11:02:31, 36.0,54.5,35.5,118.5,33.5,36.0,36.0,36.0,1.008,1.009,1.003,1.894,1.001,1.008,1.009,1.007,2.501,2.503,2.489,2.504,1.485,2.500,2.503,2.499,

2013.10.11 11:02:32, 36.0,54.5,35.5,118.5,33.5,36.0,36.0,36.0,1.008,1.009,1.003,1.894,1.001,1.008,1.009,1.007,2.501,2.503,2.489,2.504,1.485,2.500,2.503,2.499,

2013.10.11 11:02:33, 36.0,54.5,35.5,118.5,33.5,36.0,36.0,36.0,1.008,1.009,1.003,1.894,1.001,1.008,1.009,1.007,2.500,2.503,2.489,2.504,1.485,2.500,2.503,2.499,

2013.10.11 11:02:34, 35.5,54.5,35.5,118.5,33.5,36.0,36.0,35.5,1.008,1.009,1.003,1.894,1.001,1.008,1.009,1.007,2.502,2.503,2.489,2.504,1.485,2.500,2.503,2.499,

2013.10.11 11:02:35, 36.0,54.5,35.5,118.5,33.5,36.0,36.0,35.5,1.008,1.009,1.003,1.894,1.001,1.008,1.009,1.008,2.500,2.503,2.489,2.504,1.485,2.500,2.503,2.499,

2013.10.11 11:02:36, 36.0,54.5,35.5,118.5,33.5,36.0,36.0,35.5,1.008,1.009,1.003,1.894,1.001,1.008,1.009,1.008,2.499,2.503,2.489,2.504,1.485,2.500,2.503,2.499,

2013.10.11 11:02:37, 36.0,54.5,35.5,118.5,33.5,36.0,36.0,35.5,1.008,1.009,1.003,1.894,1.001,1.008,1.009,1.008,2.502,2.503,2.489,2.504,1.485,2.500,2.503,2.499,

2013.10.11 11:02:38, 35.5,54.5,35.5,118.5,33.5,35.9,36.0,35.5,1.008,1.009,1.003,1.894,1.001,1.008,1.009,1.008,2.500,2.503,2.489,2.504,1.485,2.500,2.503,2.499,

2013.10.11 11:02:39, 36.0,54.5,35.5,118.5,33.5,35.9,36.0,35.5,1.008,1.009,1.003,1.894,1.001,1.008,1.009,1.008,2.500,2.503,2.489,2.504,1.485,2.501,2.503,2.499,

2013.10.11 11:02:40, 36.0,54.5,35.5,118.5,33.5,35.9,36.0,35.5,1.008,1.009,1.003,1.894,1.001,1.008,1.009,1.008,2.499,2.503,2.489,2.504,1.485,2.500,2.503,2.499,

2013.10.11 11:02:41, 35.5,54.5,35.5,118.5,33.5,35.9,36.0,35.5,1.008,1.009,1.003,1.894,1.001,1.008,1.009,1.008,2.501,2.503,2.489,2.504,1.485,2.500,2.502,2.499,

2013.10.11 11:02:42, 35.5,54.5,35.5,118.5,33.5,35.9,36.0,35.5,1.008,1.009,1.003,1.894,1.001,1.008,1.009,1.008,2.501,2.503,2.489,2.504,1.485,2.500,2.502,2.499,

2013.10.11 11:02:43, 35.5,54.5,35.0,118.5,33.5,35.8,36.0,35.5,1.008,1.009,1.003,1.894,1.001,1.008,1.008,1.008,2.500,2.503,2.489,2.504,1.485,2.500,2.502,2.499,

2013.10.11 11:02:44, 35.5,54.5,35.0,118.5,33.5,35.8,36.0,35.5,1.008,1.009,1.003,1.894,1.001,1.008,1.008,1.008,2.501,2.503,2.489,2.504,1.485,2.500,2.502,2.499,

2013.10.11 11:02:45, 35.5,54.5,35.0,118.5,33.5,35.8,36.0,35.5,1.008,1.009,1.003,1.894,1.001,1.008,1.008,1.008,2.501,2.503,2.489,2.504,1.485,2.500,2.502,2.499,

2013.10.11 11:02:46, 36.0,54.5,35.0,118.5,33.5,35.8,36.0,35.5,1.008,1.009,1.003,1.894,1.001,1.008,1.008,1.008,2.499,2.503,2.489,2.504,1.485,2.500,2.502,2.499,

2013.10.11 11:02:47, 36.0,54.5,35.0,118.5,33.5,35.8,36.0,35.5,1.008,1.009,1.003,1.894,1.001,1.008,1.008,1.008,2.502,2.504,2.489,2.504,1.485,2.501,2.502,2.499,

2013.10.11 11:02:48, 36.0,54.5,35.0,118.5,33.5,35.8,36.0,35.5,1.008,1.009,1.003,1.894,1.001,1.008,1.008,1.008,2.501,2.504,2.489,2.504,1.485,2.501,2.502,2.499,

2013.10.11 11:02:49, 36.5,54.5,35.0,118.5,33.5,35.8,36.5,35.5,1.008,1.009,1.003,1.894,1.001,1.008,1.008,1.008,2.500,2.504,2.489,2.504,1.485,2.501,2.502,2.499,

2013.10.11 11:02:50, 36.5,54.5,35.0,118.5,33.5,35.9,36.5,35.5,1.008,1.009,1.003,1.894,1.001,1.008,1.008,1.008,2.499,2.504,2.489,2.504,1.485,2.500,2.502,2.499,

2013.10.11 11:02:51, 36.5,54.5,35.0,118.5,33.5,35.9,36.5,35.5,1.008,1.009,1.003,1.894,1.001,1.008,1.008,1.008,2.500,2.504,2.489,2.504,1.485,2.500,2.502,2.499,

2013.10.11 11:02:52, 37.0,54.5,35.0,118.5,33.5,36.0,37.0,35.5,1.008,1.009,1.003,1.894,1.001,1.008,1.008,1.008,2.501,2.504,2.489,2.504,1.485,2.500,2.502,2.499,

2013.10.11 11:02:53, 37.0,54.5,35.0,118.5,33.5,36.0,37.0,35.5,1.008,1.009,1.003,1.894,1.001,1.008,1.008,1.008,2.499,2.504,2.489,2.504,1.485,2.500,2.502,2.499,

2013.10.11 11:02:54, 37.0,54.5,35.0,118.5,33.5,36.1,37.0,35.5,1.008,1.009,1.003,1.894,1.001,1.008,1.008,1.008,2.501,2.504,2.489,2.504,1.485,2.500,2.502,2.499,

2013.10.11 11:02:55, 37.5,54.5,35.0,118.5,33.5,36.2,37.5,35.5,1.009,1.009,1.003,1.894,1.001,1.008,1.009,1.008,2.498,2.504,2.489,2.504,1.485,2.500,2.502,2.498,

2013.10.11 11:02:56, 37.5,54.5,35.0,118.5,33.5,36.3,37.5,35.5,1.009,1.009,1.003,1.894,1.001,1.008,1.009,1.008,2.500,2.504,2.489,2.504,1.485,2.500,2.502,2.498,

2013.10.11 11:02:57, 38.0,54.5,35.0,118.5,33.5,36.5,38.0,35.5,1.008,1.009,1.003,1.894,1.001,1.008,1.009,1.008,2.499,2.504,2.489,2.504,1.485,2.500,2.502,2.498,

2013.10.11 11:02:58, 38.0,54.5,35.0,118.5,33.5,36.6,38.0,35.5,1.008,1.009,1.003,1.894,1.001,1.008,1.009,1.008,2.501,2.504,2.489,2.504,1.485,2.500,2.502,2.498,

2013.10.11 11:02:59, 38.0,54.5,35.0,118.5,33.5,36.8,38.0,35.5,1.008,1.009,1.003,1.894,1.001,1.008,1.009,1.008,2.501,2.504,2.489,2.504,1.485,2.500,2.502,2.498,

2013.10.11 11:03:00, 38.5,54.5,35.0,118.5,33.5,37.0,38.5,35.5,1.009,1.009,1.003,1.894,1.001,1.008,1.009,1.008,2.500,2.504,2.489,2.504,1.485,2.500,2.502,2.498,

2013.10.11 11:03:01, 38.0,54.5,35.0,118.5,33.5,37.1,38.5,36.0,1.008,1.009,1.003,1.894,1.001,1.008,1.009,1.008,2.501,2.504,2.489,2.504,1.485,2.500,2.502,2.498,

2013.10.11 11:03:02, 38.5,54.5,35.0,118.5,33.5,37.3,38.5,36.0,1.008,1.009,1.003,1.894,1.001,1.008,1.009,1.008,2.499,2.504,2.489,2.504,1.485,2.500,2.502,2.498,

2013.10.11 11:03:03, 38.5,54.5,35.0,118.5,33.5,37.4,38.5,36.0,1.008,1.009,1.003,1.894,1.001,1.008,1.009,1.008,2.502,2.504,2.489,2.504,1.485,2.500,2.502,2.498,

2013.10.11 11:03:04, 39.0,54.5,35.0,118.5,33.5,37.6,39.0,36.5,1.007,1.009,1.003,1.894,1.001,1.008,1.009,1.007,2.499,2.504,2.489,2.504,1.485,2.500,2.502,2.498,

2013.10.11 11:03:05, 39.0,54.5,35.0,118.5,33.5,37.8,39.0,36.5,1.008,1.009,1.003,1.894,1.001,1.008,1.009,1.007,2.500,2.504,2.489,2.504,1.485,2.500,2.502,2.498,

2013.10.11 11:03:06, 39.0,54.5,35.0,118.5,33.5,37.9,39.0,36.5,1.009,1.009,1.003,1.894,1.001,1.008,1.009,1.007,2.499,2.504,2.489,2.504,1.485,2.500,2.502,2.498,

2013.10.11 11:03:07, 39.5,54.5,35.0,118.5,33.5,38.1,39.5,37.0,1.007,1.009,1.003,1.894,1.001,1.008,1.009,1.007,2.500,2.504,2.489,2.504,1.485,2.500,2.502,2.498,

2013.10.11 11:03:08, 39.5,54.5,35.0,118.5,33.5,38.3,39.5,37.0,1.008,1.009,1.003,1.894,1.001,1.008,1.009,1.007,2.501,2.504,2.489,2.504,1.485,2.500,2.502,2.498,

2013.10.11 11:03:09, 39.5,54.5,35.0,118.5,33.5,38.4,39.5,37.0,1.008,1.009,1.003,1.894,1.001,1.008,1.009,1.007,2.499,2.504,2.489,2.504,1.485,2.500,2.502,2.498,

2013.10.11 11:03:10, 39.5,54.5,35.0,118.5,33.5,38.6,39.5,37.5,1.008,1.009,1.003,1.894,1.001,1.008,1.009,1.007,2.500,2.504,2.489,2.504,1.485,2.500,2.502,2.498,

2013.10.11 11:03:11, 39.5,54.5,35.0,118.5,33.5,38.7,39.5,37.5,1.007,1.009,1.003,1.894,1.001,1.008,1.009,1.007,2.500,2.504,2.489,2.504,1.485,2.500,2.502,2.499,

2013.10.11 11:03:12, 40.0,54.5,35.0,118.5,33.5,38.9,40.0,38.0,1.008,1.009,1.003,1.894,1.001,1.008,1.009,1.007,2.502,2.504,2.489,2.504,1.485,2.500,2.502,2.499,

2013.10.11 11:03:13, 40.0,54.5,35.0,118.5,33.5,39.0,40.0,38.0,1.008,1.009,1.003,1.894,1.001,1.008,1.009,1.007,2.500,2.504,2.489,2.504,1.485,2.500,2.502,2.499,

2013.10.11 11:03:14, 40.5,54.5,35.0,118.5,33.5,39.2,40.5,38.0,1.008,1.009,1.003,1.894,1.001,1.008,1.009,1.007,2.499,2.504,2.489,2.504,1.485,2.500,2.502,2.499,

2013.10.11 11:03:15, 40.5,54.5,35.0,118.5,33.5,39.3,40.5,38.0,1.008,1.009,1.003,1.894,1.001,1.008,1.009,1.007,2.499,2.504,2.489,2.504,1.485,2.500,2.502,2.499,

2013.10.11 11:03:16, 40.5,54.5,35.0,118.5,33.5,39.4,40.5,38.0,1.008,1.009,1.003,1.894,1.001,1.008,1.009,1.007,2.502,2.504,2.489,2.504,1.485,2.500,2.502,2.499,

2013.10.11 11:03:17, 40.5,54.5,35.0,118.5,33.5,39.6,40.5,38.5,1.008,1.009,1.003,1.894,1.001,1.008,1.009,1.007,2.500,2.504,2.489,2.504,1.485,2.500,2.502,2.499,

2013.10.11 11:03:18, 41.0,54.5,35.0,118.5,33.5,39.8,41.0,38.5,1.008,1.009,1.003,1.894,1.001,1.008,1.009,1.007,2.500,2.504,2.489,2.504,1.485,2.500,2.502,2.499,

2013.10.11 11:03:19, 41.0,54.5,35.0,118.5,33.5,39.9,41.0,39.0,1.008,1.009,1.003,1.894,1.001,1.008,1.009,1.007,2.501,2.504,2.489,2.504,1.485,2.500,2.502,2.499,

2013.10.11 11:03:20, 41.0,54.5,35.0,118.5,33.5,40.0,41.0,39.0,1.008,1.009,1.003,1.894,1.001,1.008,1.009,1.007,2.499,2.504,2.489,2.504,1.485,2.500,2.502,2.499,

2013.10.11 11:03:21, 41.0,54.5,35.0,118.5,33.5,40.2,41.0,39.0,1.008,1.009,1.003,1.894,1.001,1.008,1.009,1.007,2.500,2.504,2.489,2.504,1.485,2.500,2.502,2.499,

2013.10.11 11:03:22, 41.5,54.5,35.0,118.5,33.5,40.3,41.5,39.5,1.008,1.009,1.003,1.894,1.001,1.008,1.008,1.007,2.501,2.504,2.489,2.504,1.485,2.500,2.502,2.499,

2013.10.11 11:03:23, 41.5,54.5,35.0,118.5,33.5,40.4,41.5,39.5,1.008,1.009,1.003,1.894,1.001,1.008,1.008,1.007,2.500,2.504,2.489,2.504,1.485,2.500,2.502,2.499,

2013.10.11 11:03:24, 42.5,54.5,35.0,118.5,33.5,40.6,42.5,39.5,1.007,1.009,1.003,1.894,1.001,1.008,1.008,1.007,2.499,2.504,2.489,2.504,1.485,2.500,2.502,2.499,

2013.10.11 11:03:25, 43.0,54.5,35.0,118.5,33.5,40.8,43.0,39.5,1.008,1.009,1.003,1.894,1.001,1.008,1.008,1.007,2.497,2.504,2.489,2.504,1.485,2.500,2.502,2.497,

2013.10.11 11:03:26, 44.0,54.5,35.0,118.5,33.5,41.1,44.0,39.5,1.007,1.009,1.003,1.894,1.001,1.008,1.008,1.007,2.498,2.504,2.489,2.504,1.485,2.500,2.502,2.497,

2013.10.11 11:03:27, 45.0,54.5,35.0,118.5,33.5,41.5,45.0,40.0,1.007,1.009,1.003,1.894,1.001,1.008,1.008,1.007,2.499,2.504,2.489,2.504,1.485,2.500,2.502,2.497,

2013.10.11 11:03:28, 46.0,54.5,35.0,118.5,33.5,41.8,46.0,40.0,1.007,1.009,1.003,1.894,1.001,1.008,1.008,1.007,2.500,2.504,2.489,2.504,1.485,2.500,2.502,2.497,

2013.10.11 11:03:29, 47.0,54.5,35.0,118.5,33.5,42.3,47.0,40.5,1.007,1.009,1.003,1.894,1.001,1.008,1.008,1.007,2.500,2.504,2.489,2.504,1.485,2.500,2.502,2.497,

2013.10.11 11:03:30, 47.5,54.5,35.0,118.5,33.5,42.7,47.5,40.5,1.008,1.009,1.003,1.894,1.001,1.008,1.008,1.007,2.498,2.504,2.489,2.504,1.485,2.500,2.502,2.497,

2013.10.11 11:03:31, 48.5,54.5,35.0,118.5,33.5,43.2,48.5,40.5,1.007,1.009,1.003,1.894,1.001,1.008,1.008,1.007,2.500,2.504,2.489,2.504,1.485,2.500,2.502,2.497,

2013.10.11 11:03:32, 49.5,54.5,35.0,118.5,33.5,43.8,49.5,40.5,1.007,1.009,1.003,1.894,1.001,1.008,1.008,1.007,2.496,2.504,2.489,2.504,1.485,2.499,2.501,2.496,

2013.10.11 11:03:33, 50.0,54.5,35.0,118.5,33.5,44.4,50.0,41.0,1.006,1.009,1.003,1.894,1.001,1.007,1.008,1.006,2.497,2.504,2.489,2.504,1.485,2.499,2.501,2.496,

2013.10.11 11:03:34, 51.0,54.5,35.0,118.5,33.5,45.0,51.0,41.0,1.007,1.009,1.003,1.894,1.001,1.007,1.008,1.006,2.499,2.504,2.489,2.504,1.485,2.499,2.501,2.496,

2013.10.11 11:03:35, 52.0,54.5,35.0,118.5,33.5,45.7,52.0,41.0,1.007,1.009,1.003,1.894,1.001,1.007,1.008,1.006,2.497,2.504,2.489,2.504,1.485,2.499,2.501,2.496,

2013.10.11 11:03:36, 52.5,54.5,35.0,118.5,33.5,46.4,52.5,41.0,1.008,1.009,1.003,1.894,1.001,1.007,1.008,1.006,2.500,2.504,2.489,2.504,1.485,2.499,2.501,2.496,

2013.10.11 11:03:37, 53.5,54.5,35.0,118.5,33.5,47.2,53.5,41.5,1.006,1.009,1.003,1.894,1.001,1.007,1.008,1.006,2.496,2.504,2.489,2.504,1.485,2.499,2.501,2.496,

2013.10.11 11:03:38, 54.5,54.5,35.0,118.5,33.5,48.0,54.5,41.5,1.007,1.009,1.003,1.894,1.001,1.007,1.008,1.006,2.500,2.504,2.489,2.504,1.485,2.499,2.500,2.496,

2013.10.11 11:03:39, 55.0,55.5,35.0,118.5,33.5,48.8,55.0,42.5,1.008,1.009,1.003,1.894,1.001,1.007,1.008,1.006,2.499,2.504,2.489,2.504,1.485,2.498,2.500,2.496,

2013.10.11 11:03:40, 55.5,56.0,35.0,118.5,33.5,49.7,55.5,43.0,1.007,1.009,1.003,1.894,1.001,1.007,1.008,1.006,2.496,2.504,2.489,2.504,1.485,2.498,2.500,2.496,

2013.10.11 11:03:41, 56.5,56.5,35.0,118.5,33.5,50.5,56.5,44.0,1.007,1.009,1.003,1.894,1.001,1.007,1.008,1.006,2.498,2.504,2.489,2.504,1.485,2.498,2.500,2.496,

2013.10.11 11:03:42, 57.0,57.5,35.0,118.5,33.5,51.3,57.0,45.0,1.007,1.009,1.003,1.894,1.001,1.007,1.008,1.006,2.496,2.504,2.489,2.504,1.485,2.498,2.500,2.496,

2013.10.11 11:03:43, 57.5,58.0,35.0,118.5,33.5,52.1,57.5,46.0,1.007,1.009,1.003,1.894,1.001,1.007,1.008,1.006,2.495,2.504,2.489,2.504,1.485,2.498,2.500,2.495,

2013.10.11 11:03:44, 58.5,59.0,35.0,118.5,33.5,52.9,58.5,47.0,1.006,1.009,1.003,1.894,1.001,1.007,1.008,1.006,2.498,2.504,2.489,2.504,1.485,2.498,2.500,2.495,

2013.10.11 11:03:45, 59.0,59.5,35.0,118.5,33.5,53.6,59.0,47.5,1.006,1.009,1.003,1.894,1.001,1.007,1.008,1.006,2.495,2.504,2.489,2.504,1.485,2.497,2.500,2.495,

2013.10.11 11:03:46, 60.0,60.0,35.0,118.5,33.5,54.4,60.0,48.5,1.006,1.009,1.003,1.894,1.001,1.007,1.008,1.006,2.497,2.504,2.489,2.504,1.485,2.497,2.500,2.495,

2013.10.11 11:03:47, 60.5,60.5,35.0,118.5,33.5,55.2,60.5,49.5,1.007,1.009,1.003,1.894,1.001,1.007,1.008,1.006,2.496,2.504,2.489,2.504,1.485,2.497,2.500,2.495,

2013.10.11 11:03:48, 61.0,61.0,35.0,118.5,33.5,55.9,61.0,50.0,1.007,1.009,1.003,1.894,1.001,1.007,1.008,1.006,2.497,2.504,2.489,2.504,1.485,2.497,2.500,2.495,

2013.10.11 11:03:49, 61.5,62.0,35.0,118.5,33.5,56.6,61.5,51.0,1.006,1.009,1.003,1.894,1.001,1.007,1.008,1.006,2.495,2.504,2.489,2.504,1.485,2.497,2.500,2.495,

2013.10.11 11:03:50, 62.0,62.5,35.0,118.5,33.5,57.3,62.0,52.0,1.006,1.009,1.003,1.894,1.001,1.007,1.008,1.006,2.496,2.504,2.489,2.504,1.485,2.497,2.500,2.495,

2013.10.11 11:03:51, 62.5,63.0,35.0,118.5,33.5,57.9,62.5,52.5,1.006,1.009,1.003,1.894,1.001,1.007,1.008,1.006,2.496,2.504,2.489,2.504,1.485,2.497,2.500,2.495,

2013.10.11 11:03:52, 63.0,63.5,35.0,118.5,33.5,58.6,63.0,53.5,1.007,1.009,1.003,1.894,1.001,1.007,1.008,1.006,2.496,2.504,2.489,2.504,1.485,2.497,2.500,2.495,

2013.10.11 11:03:53, 64.0,64.0,35.0,118.5,33.5,59.3,64.0,54.5,1.006,1.009,1.003,1.894,1.001,1.007,1.008,1.006,2.495,2.504,2.489,2.504,1.485,2.497,2.500,2.495,

2013.10.11 11:03:54, 64.5,64.5,35.0,118.5,33.5,59.9,64.5,55.0,1.006,1.009,1.003,1.894,1.001,1.007,1.008,1.006,2.494,2.504,2.489,2.504,1.485,2.496,2.499,2.494,

2013.10.11 11:03:55, 65.0,65.0,35.0,118.5,33.5,60.5,65.0,55.5,1.006,1.009,1.003,1.894,1.001,1.006,1.007,1.006,2.496,2.504,2.489,2.504,1.485,2.496,2.498,2.494,

2013.10.11 11:03:56, 65.0,65.5,35.0,118.5,33.5,61.1,65.0,56.5,1.006,1.009,1.003,1.894,1.001,1.006,1.007,1.006,2.494,2.504,2.489,2.504,1.485,2.496,2.498,2.494,

2013.10.11 11:03:57, 65.5,66.0,35.0,118.5,33.5,61.7,65.5,57.0,1.006,1.009,1.003,1.894,1.001,1.006,1.007,1.006,2.496,2.504,2.489,2.504,1.485,2.496,2.498,2.494,

2013.10.11 11:03:58, 66.0,66.5,35.0,118.5,33.5,62.2,66.0,57.5,1.006,1.009,1.003,1.894,1.001,1.006,1.007,1.006,2.495,2.504,2.489,2.504,1.485,2.496,2.498,2.494,

2013.10.11 11:03:59, 67.0,67.0,35.0,118.5,33.5,62.8,67.0,58.5,1.006,1.009,1.003,1.894,1.001,1.006,1.007,1.006,2.495,2.504,2.489,2.504,1.485,2.496,2.498,2.494,

2013.10.11 11:04:00, 67.0,67.5,35.0,118.5,33.5,63.3,67.0,59.0,1.006,1.009,1.003,1.894,1.001,1.006,1.007,1.006,2.496,2.504,2.489,2.504,1.485,2.496,2.497,2.494,

2013.10.11 11:04:01, 67.5,67.5,35.0,118.5,33.5,63.9,67.5,60.0,1.005,1.009,1.003,1.894,1.001,1.006,1.007,1.005,2.494,2.504,2.489,2.504,1.485,2.496,2.497,2.494,

2013.10.11 11:04:02, 68.0,68.0,35.0,118.5,33.5,64.4,68.0,60.5,1.006,1.009,1.003,1.894,1.001,1.006,1.007,1.005,2.494,2.504,2.489,2.504,1.485,2.495,2.497,2.494,

2013.10.11 11:04:03, 68.5,68.5,35.0,118.5,33.5,64.9,68.5,61.0,1.005,1.009,1.003,1.894,1.001,1.006,1.007,1.005,2.495,2.504,2.489,2.504,1.485,2.495,2.497,2.494,

2013.10.11 11:04:04, 68.5,69.0,35.0,118.5,33.5,65.3,68.5,61.5,1.005,1.009,1.003,1.894,1.001,1.006,1.007,1.005,2.495,2.504,2.489,2.504,1.485,2.495,2.496,2.494,

2013.10.11 11:04:05, 69.0,69.5,35.0,118.5,33.5,65.8,69.0,62.0,1.005,1.009,1.003,1.894,1.001,1.006,1.007,1.005,2.494,2.504,2.489,2.504,1.485,2.495,2.496,2.494,

2013.10.11 11:04:06, 69.5,70.0,35.0,118.5,33.5,66.3,69.5,62.5,1.005,1.009,1.003,1.894,1.001,1.006,1.007,1.005,2.494,2.504,2.489,2.504,1.485,2.495,2.496,2.494,

2013.10.11 11:04:07, 70.0,70.0,35.0,118.5,33.5,66.8,70.0,63.0,1.005,1.009,1.003,1.894,1.001,1.006,1.007,1.005,2.494,2.504,2.489,2.504,1.485,2.495,2.496,2.494,

2013.10.11 11:04:08, 70.0,70.5,35.0,118.5,33.5,67.2,70.0,64.0,1.006,1.009,1.003,1.894,1.001,1.006,1.006,1.005,2.495,2.504,2.489,2.504,1.485,2.495,2.496,2.494,

2013.10.11 11:04:09, 70.5,70.5,35.0,118.5,33.5,67.6,70.5,64.5,1.006,1.009,1.003,1.894,1.001,1.006,1.006,1.005,2.494,2.504,2.489,2.504,1.485,2.495,2.496,2.494,

2013.10.11 11:04:10, 71.0,71.0,35.0,118.5,33.5,68.0,71.0,65.0,1.005,1.009,1.003,1.894,1.001,1.006,1.006,1.005,2.494,2.504,2.489,2.504,1.485,2.495,2.496,2.494,

2013.10.11 11:04:11, 71.0,71.5,35.0,118.5,33.5,68.4,71.0,65.0,1.005,1.009,1.003,1.894,1.001,1.005,1.006,1.005,2.494,2.504,2.489,2.504,1.485,2.495,2.496,2.494,

2013.10.11 11:04:12, 71.5,72.0,35.0,118.5,33.5,68.8,71.5,65.5,1.005,1.009,1.003,1.894,1.001,1.005,1.006,1.005,2.494,2.504,2.489,2.504,1.485,2.495,2.496,2.494,

2013.10.11 11:04:13, 72.0,72.5,35.0,118.5,33.5,69.2,72.0,66.0,1.005,1.009,1.003,1.894,1.001,1.005,1.006,1.005,2.494,2.504,2.489,2.504,1.485,2.494,2.496,2.494,

2013.10.11 11:04:14, 72.5,72.5,35.0,118.5,33.5,69.6,72.5,67.0,1.005,1.009,1.003,1.894,1.001,1.005,1.006,1.005,2.494,2.504,2.489,2.504,1.485,2.494,2.496,2.494,

2013.10.11 11:04:15, 73.0,73.0,35.0,118.5,33.5,70.0,73.0,67.0,1.005,1.009,1.003,1.894,1.001,1.005,1.006,1.005,2.494,2.504,2.489,2.504,1.485,2.494,2.496,2.494,

2013.10.11 11:04:16, 73.5,73.5,35.0,118.5,33.5,70.4,73.5,67.5,1.005,1.009,1.003,1.894,1.001,1.005,1.006,1.005,2.494,2.504,2.489,2.504,1.485,2.494,2.495,2.494,

2013.10.11 11:04:17, 73.5,74.0,35.0,118.5,33.5,70.8,73.5,68.0,1.005,1.009,1.003,1.894,1.001,1.005,1.006,1.005,2.493,2.504,2.489,2.504,1.485,2.494,2.495,2.493,

2013.10.11 11:04:18, 74.0,74.5,35.0,118.5,33.5,71.1,74.0,68.5,1.005,1.009,1.003,1.894,1.001,1.005,1.006,1.005,2.493,2.504,2.489,2.504,1.485,2.494,2.495,2.493,

2013.10.11 11:04:19, 75.0,75.0,35.0,118.5,33.5,71.5,75.0,68.5,1.005,1.009,1.003,1.894,1.001,1.005,1.006,1.005,2.493,2.504,2.489,2.504,1.485,2.494,2.495,2.493,

2013.10.11 11:04:20, 75.5,76.0,35.0,118.5,33.5,72.0,75.5,69.0,1.005,1.009,1.003,1.894,1.001,1.005,1.006,1.005,2.493,2.504,2.489,2.504,1.485,2.494,2.495,2.493,

2013.10.11 11:04:21, 76.5,76.5,35.0,118.5,33.5,72.4,76.5,69.5,1.006,1.009,1.003,1.894,1.001,1.005,1.006,1.005,2.493,2.504,2.489,2.504,1.485,2.494,2.495,2.493,

2013.10.11 11:04:22, 77.0,77.5,35.0,118.5,33.5,72.9,77.0,70.0,1.005,1.009,1.003,1.894,1.001,1.005,1.006,1.005,2.493,2.504,2.489,2.504,1.485,2.494,2.495,2.493,

2013.10.11 11:04:23, 77.5,78.0,35.0,118.5,33.5,73.4,77.5,70.0,1.004,1.009,1.003,1.894,1.001,1.005,1.006,1.004,2.491,2.504,2.489,2.504,1.485,2.494,2.495,2.491,

2013.10.11 11:04:24, 78.5,78.5,35.0,118.5,33.5,73.9,78.5,70.5,1.006,1.009,1.003,1.894,1.001,1.005,1.006,1.004,2.494,2.504,2.489,2.504,1.485,2.493,2.494,2.491,

2013.10.11 11:04:25, 79.0,79.5,35.0,118.5,33.5,74.4,79.0,71.0,1.005,1.009,1.003,1.894,1.001,1.005,1.006,1.004,2.493,2.504,2.488,2.504,1.485,2.493,2.494,2.491,

2013.10.11 11:04:26, 80.0,80.0,35.0,118.5,33.5,75.0,80.0,71.0,1.003,1.009,1.003,1.894,1.001,1.005,1.006,1.003,2.493,2.504,2.488,2.504,1.485,2.493,2.494,2.491,

2013.10.11 11:04:27, 80.5,81.0,35.0,118.5,33.5,75.6,80.5,71.5,1.004,1.009,1.003,1.894,1.001,1.005,1.006,1.003,2.493,2.504,2.488,2.504,1.485,2.493,2.494,2.491,

2013.10.11 11:04:28, 81.5,81.5,35.0,118.5,33.5,76.2,81.5,72.0,1.004,1.009,1.003,1.894,1.001,1.005,1.006,1.003,2.493,2.504,2.488,2.504,1.485,2.493,2.494,2.491,

2013.10.11 11:04:29, 82.0,82.5,35.0,118.5,33.5,76.8,82.0,72.5,1.004,1.009,1.003,1.894,1.001,1.005,1.006,1.003,2.491,2.504,2.488,2.504,1.485,2.493,2.494,2.491,

2013.10.11 11:04:30, 83.0,83.0,35.0,118.5,33.5,77.5,83.0,73.0,1.004,1.009,1.003,1.894,1.001,1.005,1.006,1.003,2.492,2.504,2.488,2.504,1.485,2.493,2.494,2.491,

2013.10.11 11:04:31, 83.0,83.5,35.0,118.5,33.5,78.1,83.0,73.5,1.004,1.009,1.003,1.894,1.001,1.005,1.006,1.003,2.492,2.504,2.488,2.504,1.485,2.493,2.494,2.491,

2013.10.11 11:04:32, 83.5,84.0,35.0,118.5,33.5,78.8,83.5,73.5,1.004,1.009,1.003,1.894,1.001,1.005,1.006,1.003,2.493,2.504,2.488,2.504,1.485,2.493,2.494,2.491,

2013.10.11 11:04:33, 84.0,84.0,35.0,118.5,33.5,79.4,84.0,74.0,1.004,1.009,1.003,1.894,1.001,1.005,1.006,1.003,2.492,2.504,2.488,2.504,1.485,2.493,2.494,2.491,

2013.10.11 11:04:34, 84.0,84.5,35.0,118.5,33.5,80.0,84.0,75.0,1.005,1.009,1.003,1.894,1.001,1.004,1.006,1.003,2.492,2.504,2.488,2.504,1.485,2.493,2.494,2.491,

2013.10.11 11:04:35, 84.0,84.5,35.0,118.5,33.5,80.6,84.0,75.5,1.004,1.009,1.003,1.894,1.001,1.004,1.006,1.003,2.491,2.504,2.488,2.504,1.485,2.492,2.494,2.491,

2013.10.11 11:04:36, 84.5,84.5,35.0,118.5,33.5,81.2,84.5,76.5,1.004,1.009,1.003,1.894,1.001,1.004,1.006,1.003,2.491,2.504,2.488,2.504,1.485,2.492,2.494,2.491,

2013.10.11 11:04:37, 85.0,85.0,35.0,118.5,33.5,81.7,85.0,77.0,1.004,1.009,1.003,1.894,1.001,1.004,1.006,1.003,2.493,2.504,2.488,2.504,1.485,2.492,2.494,2.491,

2013.10.11 11:04:38, 84.5,85.0,35.0,118.5,33.5,82.2,85.0,77.5,1.004,1.009,1.003,1.894,1.001,1.004,1.006,1.003,2.492,2.504,2.488,2.504,1.485,2.492,2.494,2.491,

2013.10.11 11:04:39, 84.5,85.0,35.0,118.5,33.5,82.6,85.0,78.5,1.005,1.009,1.003,1.894,1.001,1.004,1.006,1.003,2.491,2.504,2.488,2.504,1.485,2.492,2.494,2.491,

2013.10.11 11:04:40, 85.0,85.0,35.0,118.5,33.5,83.0,85.0,79.0,1.004,1.009,1.003,1.894,1.001,1.004,1.005,1.003,2.490,2.504,2.488,2.504,1.485,2.492,2.493,2.490,

2013.10.11 11:04:41, 85.0,85.5,35.0,118.5,33.5,83.4,85.0,80.0,1.004,1.009,1.003,1.894,1.001,1.004,1.005,1.003,2.491,2.504,2.488,2.504,1.485,2.492,2.493,2.490,

2013.10.11 11:04:42, 85.0,85.5,35.0,118.5,33.5,83.7,85.0,80.5,1.004,1.009,1.003,1.894,1.001,1.004,1.005,1.004,2.491,2.504,2.488,2.504,1.485,2.492,2.493,2.490,

2013.10.11 11:04:43, 85.0,85.5,35.0,118.5,33.5,84.0,85.0,81.5,1.003,1.009,1.003,1.894,1.001,1.004,1.005,1.003,2.491,2.504,2.488,2.504,1.485,2.492,2.493,2.490,

2013.10.11 11:04:44, 85.0,85.5,35.0,118.5,33.5,84.2,85.0,82.0,1.004,1.009,1.003,1.894,1.001,1.004,1.005,1.003,2.491,2.504,2.488,2.504,1.485,2.492,2.493,2.490,

2013.10.11 11:04:45, 85.0,85.5,35.0,118.5,33.5,84.4,85.0,83.0,1.004,1.009,1.003,1.894,1.001,1.004,1.005,1.003,2.492,2.504,2.488,2.504,1.485,2.492,2.493,2.490,

2013.10.11 11:04:46, 85.0,85.5,35.0,118.5,33.5,84.5,85.0,83.0,1.005,1.009,1.003,1.894,1.001,1.004,1.005,1.003,2.491,2.504,2.488,2.504,1.485,2.492,2.493,2.490,

2013.10.11 11:04:47, 85.0,85.5,35.0,118.5,33.5,84.6,85.0,83.5,1.004,1.009,1.003,1.894,1.001,1.004,1.005,1.003,2.492,2.504,2.488,2.504,1.485,2.491,2.493,2.490,

2013.10.11 11:04:48, 85.0,85.5,35.0,118.5,33.5,84.7,85.0,84.0,1.003,1.009,1.003,1.894,1.001,1.004,1.005,1.003,2.490,2.504,2.488,2.504,1.485,2.491,2.493,2.490,

2013.10.11 11:04:49, 85.0,85.5,35.0,118.5,33.5,84.8,85.0,84.0,1.004,1.009,1.003,1.894,1.001,1.004,1.005,1.003,2.490,2.504,2.488,2.504,1.485,2.491,2.493,2.490,

2013.10.11 11:04:50, 85.0,85.5,35.0,118.5,33.5,84.8,85.0,84.0,1.004,1.009,1.003,1.894,1.001,1.004,1.005,1.003,2.489,2.504,2.488,2.504,1.485,2.491,2.493,2.489,

2013.10.11 11:04:51, 85.0,85.5,35.0,118.5,33.5,84.9,85.0,84.5,1.003,1.009,1.003,1.894,1.001,1.004,1.005,1.003,2.489,2.504,2.488,2.504,1.485,2.491,2.493,2.489,

2013.10.11 11:04:52, 85.5,86.0,35.0,118.5,33.5,85.0,85.5,84.5,1.005,1.009,1.003,1.894,1.001,1.004,1.005,1.003,2.490,2.504,2.487,2.504,1.485,2.491,2.493,2.489,

2013.10.11 11:04:53, 86.5,86.5,35.0,118.5,33.5,85.1,86.5,84.5,1.005,1.009,1.002,1.894,1.001,1.004,1.005,1.003,2.491,2.504,2.487,2.504,1.485,2.491,2.492,2.489,

2013.10.11 11:04:54, 87.0,87.5,35.0,118.5,33.5,85.2,87.0,84.5,1.004,1.009,1.002,1.894,1.001,1.004,1.005,1.003,2.490,2.504,2.487,2.504,1.485,2.491,2.492,2.489,

2013.10.11 11:04:55, 88.0,88.0,35.0,118.5,33.5,85.4,88.0,85.0,1.004,1.009,1.002,1.894,1.001,1.004,1.005,1.003,2.489,2.504,2.486,2.504,1.485,2.490,2.492,2.489,

2013.10.11 11:04:56, 88.5,89.0,35.0,118.5,33.5,85.7,88.5,85.0,1.004,1.009,1.002,1.894,1.001,1.004,1.005,1.003,2.490,2.504,2.486,2.504,1.485,2.490,2.492,2.489,

2013.10.11 11:04:57, 89.0,89.5,35.0,118.5,33.5,85.9,89.0,85.0,1.004,1.009,1.002,1.894,1.001,1.004,1.005,1.003,2.489,2.504,2.486,2.504,1.485,2.490,2.492,2.489,

2013.10.11 11:04:58, 90.0,90.5,35.0,118.5,33.5,86.2,90.0,85.0,1.004,1.009,1.002,1.894,1.001,1.004,1.005,1.003,2.488,2.504,2.486,2.504,1.485,2.490,2.492,2.488,

2013.10.11 11:04:59, 91.0,91.0,35.0,118.5,33.5,86.6,91.0,85.0,1.004,1.009,1.002,1.894,1.001,1.004,1.005,1.003,2.488,2.504,2.486,2.504,1.485,2.490,2.492,2.488,

2013.10.11 11:05:00, 92.0,92.0,35.0,118.5,33.5,87.0,92.0,85.0,1.004,1.009,1.002,1.894,1.001,1.004,1.005,1.003,2.488,2.504,2.486,2.504,1.485,2.490,2.492,2.488,

2013.10.11 11:05:01, 92.5,93.0,35.0,118.5,33.5,87.5,92.5,85.0,1.004,1.009,1.002,1.894,1.001,1.004,1.005,1.003,2.487,2.504,2.486,2.504,1.485,2.489,2.492,2.487,

2013.10.11 11:05:02, 93.5,93.5,35.0,118.5,33.5,88.0,93.5,85.0,1.004,1.009,1.002,1.894,1.001,1.004,1.005,1.003,2.488,2.504,2.486,2.504,1.485,2.489,2.492,2.487,

2013.10.11 11:05:03, 94.0,94.5,35.0,118.5,33.5,88.6,94.0,85.0,1.004,1.009,1.002,1.894,1.001,1.004,1.005,1.003,2.488,2.504,2.486,2.504,1.485,2.489,2.491,2.487,

2013.10.11 11:05:04, 95.0,95.5,35.0,118.5,33.5,89.2,95.0,85.0,1.004,1.009,1.002,1.894,1.001,1.004,1.005,1.003,2.486,2.504,2.485,2.504,1.485,2.489,2.491,2.486,

2013.10.11 11:05:05, 96.0,96.0,35.0,118.5,33.5,89.9,96.0,85.0,1.004,1.009,1.002,1.894,1.001,1.004,1.005,1.003,2.489,2.504,2.485,2.504,1.485,2.489,2.491,2.486,

2013.10.11 11:05:06, 96.5,97.0,35.0,118.5,33.5,90.6,96.5,85.0,1.004,1.009,1.002,1.894,1.001,1.004,1.005,1.003,2.487,2.504,2.485,2.504,1.485,2.489,2.491,2.486,

2013.10.11 11:05:07, 97.0,97.5,35.0,118.5,33.5,91.4,97.0,85.5,1.004,1.009,1.002,1.894,1.001,1.004,1.005,1.004,2.486,2.504,2.485,2.504,1.485,2.488,2.491,2.486,

2013.10.11 11:05:08, 98.0,98.0,35.0,118.5,33.5,92.2,98.0,86.5,1.004,1.009,1.002,1.894,1.001,1.004,1.005,1.004,2.487,2.504,2.485,2.504,1.485,2.488,2.491,2.486,

2013.10.11 11:05:09, 98.5,98.5,35.0,118.5,33.5,92.9,98.5,87.0,1.004,1.009,1.002,1.894,1.001,1.004,1.004,1.004,2.486,2.504,2.484,2.504,1.485,2.488,2.490,2.486,

2013.10.11 11:05:10, 99.0,99.0,35.0,118.5,33.5,93.7,99.0,88.0,1.004,1.009,1.002,1.894,1.001,1.004,1.004,1.004,2.487,2.504,2.484,2.504,1.485,2.488,2.490,2.486,

2013.10.11 11:05:11, 99.0,99.5,35.0,118.5,33.5,94.3,99.0,88.5,1.004,1.009,1.002,1.894,1.001,1.004,1.004,1.004,2.487,2.504,2.484,2.504,1.485,2.488,2.490,2.486,

2013.10.11 11:05:12, 99.0,99.5,35.0,118.5,33.5,95.0,99.0,89.0,1.004,1.009,1.002,1.894,1.001,1.004,1.004,1.004,2.488,2.504,2.484,2.504,1.485,2.487,2.489,2.486,

2013.10.11 11:05:13, 99.0,99.5,35.0,118.5,33.5,95.6,99.0,90.0,1.004,1.009,1.002,1.894,1.001,1.004,1.004,1.004,2.490,2.504,2.484,2.504,1.485,2.488,2.490,2.486,

2013.10.11 11:05:14, 99.0,99.5,35.0,118.5,33.5,96.2,99.0,91.0,1.004,1.009,1.002,1.894,1.001,1.004,1.004,1.004,2.488,2.504,2.484,2.504,1.485,2.488,2.490,2.486,

2013.10.11 11:05:15, 99.0,99.5,35.0,118.5,33.5,96.7,99.0,92.0,1.005,1.009,1.002,1.894,1.001,1.004,1.005,1.004,2.487,2.504,2.484,2.504,1.485,2.487,2.490,2.486,

2013.10.11 11:05:16, 99.0,99.5,35.0,118.5,33.5,97.1,99.0,92.5,1.005,1.009,1.002,1.894,1.001,1.004,1.005,1.004,2.489,2.504,2.484,2.504,1.485,2.488,2.490,2.486,

2013.10.11 11:05:17, 99.0,99.5,35.0,118.5,33.5,97.5,99.0,93.5,1.004,1.009,1.002,1.894,1.001,1.004,1.005,1.004,2.486,2.504,2.484,2.504,1.485,2.487,2.490,2.486,

2013.10.11 11:05:18, 98.5,99.5,35.0,118.5,33.5,97.8,99.0,94.0,1.004,1.009,1.002,1.894,1.001,1.004,1.005,1.004,2.488,2.504,2.484,2.504,1.485,2.487,2.490,2.486,

2013.10.11 11:05:19, 98.5,99.5,35.0,118.5,33.5,98.1,99.0,95.0,1.004,1.009,1.002,1.894,1.001,1.004,1.005,1.004,2.486,2.504,2.484,2.504,1.485,2.487,2.490,2.486,

2013.10.11 11:05:20, 98.5,99.5,35.0,118.5,33.5,98.3,99.0,96.0,1.004,1.009,1.002,1.894,1.001,1.004,1.005,1.004,2.490,2.504,2.484,2.504,1.485,2.488,2.490,2.486,

2013.10.11 11:05:21, 98.0,99.5,35.0,118.5,33.5,98.5,99.0,96.5,1.004,1.009,1.002,1.894,1.001,1.004,1.005,1.004,2.486,2.504,2.484,2.504,1.485,2.487,2.490,2.486,

2013.10.11 11:05:22, 98.0,99.5,35.0,118.5,33.5,98.6,99.0,97.0,1.004,1.009,1.002,1.894,1.001,1.004,1.005,1.004,2.488,2.504,2.484,2.504,1.485,2.487,2.490,2.486,

2013.10.11 11:05:23, 98.5,99.5,35.0,118.5,33.5,98.7,99.0,98.0,1.004,1.009,1.002,1.894,1.001,1.004,1.005,1.004,2.487,2.504,2.478,2.504,1.485,2.488,2.490,2.486,

2013.10.11 11:05:24, 107.5,107.5,35.0,118.5,33.5,99.3,107.5,98.0,1.203,1.204,1.002,1.894,1.001,1.017,1.203,1.004,1.494,2.504,1.493,2.504,1.485,2.425,2.490,1.494,

2013.10.11 11:05:25, 108.0,108.5,35.0,118.5,33.5,99.8,108.0,98.0,1.203,1.204,1.002,1.894,1.001,1.029,1.203,1.004,1.493,2.504,1.492,2.504,1.485,2.363,2.490,1.493,

2013.10.11 11:05:26, 108.5,109.0,35.0,118.5,33.5,100.4,108.5,98.0,1.204,1.205,1.002,1.894,1.001,1.041,1.204,1.004,1.492,2.504,1.491,2.504,1.485,2.301,2.490,1.492,

2013.10.11 11:05:27, 109.5,109.5,35.0,118.5,33.5,101.1,109.5,98.0,1.204,1.205,1.002,1.894,1.001,1.054,1.204,1.004,1.492,2.504,1.491,2.504,1.485,2.239,2.490,1.492,

2013.10.11 11:05:28, 109.5,109.5,35.0,118.5,33.5,101.8,109.5,98.0,1.203,1.205,1.002,1.894,1.001,1.066,1.204,1.004,1.492,2.504,1.491,2.504,1.485,2.177,2.490,1.492,

2013.10.11 11:05:29, 109.5,110.0,35.0,118.5,33.5,102.4,109.5,98.0,1.203,1.205,1.002,1.894,1.001,1.079,1.204,1.004,1.492,2.504,1.491,2.504,1.485,2.114,2.490,1.492,

2013.10.11 11:05:30, 109.5,110.0,35.0,118.5,33.5,103.1,109.5,98.0,1.204,1.205,1.002,1.894,1.001,1.091,1.204,1.004,1.492,2.504,1.490,2.504,1.485,2.052,2.490,1.492,

2013.10.11 11:05:31, 109.5,110.0,35.0,118.5,33.5,103.7,109.5,98.0,1.204,1.205,1.002,1.894,1.001,1.104,1.204,1.004,1.492,2.504,1.490,2.504,1.485,1.990,2.490,1.492,

2013.10.11 11:05:32, 109.5,110.0,35.0,118.5,33.5,104.4,109.5,98.0,1.203,1.206,1.002,1.894,1.001,1.116,1.204,1.004,1.492,2.504,1.490,2.504,1.485,1.928,2.490,1.492,

2013.10.11 11:05:33, 110.0,110.0,35.0,118.5,33.5,105.1,110.0,98.0,1.204,1.206,1.002,1.894,1.001,1.129,1.204,1.004,1.492,2.504,1.490,2.504,1.485,1.866,2.490,1.492,

2013.10.11 11:05:34, 109.5,110.5,35.0,118.5,33.5,105.8,110.0,98.0,1.204,1.206,1.002,1.894,1.001,1.141,1.204,1.004,1.492,2.504,1.490,2.504,1.485,1.803,2.490,1.492,

2013.10.11 11:05:35, 109.5,110.5,35.0,118.5,33.5,106.4,110.0,98.0,1.204,1.206,1.002,1.894,1.001,1.154,1.204,1.004,1.491,2.504,1.490,2.504,1.485,1.741,2.490,1.491,

2013.10.11 11:05:36, 110.0,110.5,35.0,118.5,33.5,107.2,110.0,98.0,1.204,1.206,1.002,1.894,1.001,1.166,1.204,1.004,1.492,2.504,1.490,2.504,1.485,1.679,2.488,1.491,

2013.10.11 11:05:37, 110.5,110.5,35.0,118.5,33.5,107.9,110.5,98.0,1.204,1.206,1.002,1.894,1.001,1.179,1.204,1.004,1.491,2.504,1.490,2.504,1.485,1.617,2.488,1.491,

2013.10.11 11:05:38, 110.0,110.5,35.0,118.5,33.5,108.7,110.5,98.5,1.204,1.206,1.002,1.894,1.001,1.191,1.204,1.004,1.493,2.504,1.490,2.504,1.485,1.554,2.487,1.491,

2013.10.11 11:05:39, 110.0,110.5,35.0,118.5,33.5,109.4,110.5,107.5,1.204,1.206,1.002,1.894,1.001,1.204,1.204,1.203,1.491,2.504,1.490,2.504,1.485,1.492,1.494,1.491,

2013.10.11 11:05:40, 110.0,110.5,35.0,118.5,33.5,109.6,110.5,108.0,1.204,1.206,1.002,1.894,1.001,1.204,1.204,1.203,1.491,2.504,1.490,2.504,1.485,1.492,1.493,1.491,

2013.10.11 11:05:41, 110.0,110.5,35.0,118.5,33.5,109.7,110.5,108.5,1.204,1.206,1.002,1.894,1.001,1.204,1.204,1.203,1.492,2.504,1.490,2.504,1.485,1.492,1.493,1.491,

2013.10.11 11:05:42, 110.0,110.5,35.0,118.5,33.5,109.8,110.5,109.5,1.204,1.206,1.002,1.894,1.001,1.204,1.204,1.203,1.491,2.504,1.490,2.504,1.485,1.492,1.493,1.491,

2013.10.11 11:05:43, 110.0,110.5,35.0,118.5,33.5,109.8,110.5,109.5,1.204,1.206,1.002,1.894,1.001,1.204,1.204,1.203,1.492,2.504,1.490,2.504,1.485,1.492,1.493,1.491,

2013.10.11 11:05:44, 110.0,110.5,35.0,118.5,33.5,109.8,110.5,109.5,1.203,1.206,1.002,1.894,1.001,1.204,1.204,1.203,1.491,2.504,1.490,2.504,1.485,1.492,1.493,1.491,

2013.10.11 11:05:45, 110.0,110.5,35.0,118.5,33.5,109.9,110.5,109.5,1.204,1.206,1.002,1.894,1.001,1.204,1.204,1.203,1.491,2.504,1.490,2.504,1.485,1.492,1.493,1.491,

2013.10.11 11:05:46, 110.0,110.5,35.0,118.5,33.5,109.9,110.5,109.5,1.204,1.206,1.002,1.894,1.001,1.204,1.204,1.203,1.492,2.504,1.490,2.504,1.485,1.492,1.493,1.491,

2013.10.11 11:05:47, 110.0,110.5,35.0,118.5,33.5,109.9,110.5,109.5,1.205,1.206,1.002,1.894,1.001,1.204,1.205,1.203,1.491,2.504,1.490,2.504,1.485,1.492,1.493,1.491,

2013.10.11 11:05:48, 110.5,110.5,35.0,118.5,33.5,110.0,110.5,109.5,1.204,1.206,1.002,1.894,1.001,1.204,1.205,1.203,1.492,2.504,1.490,2.504,1.485,1.492,1.493,1.491,

2013.10.11 11:05:49, 110.0,110.5,35.0,118.5,33.5,110.0,110.5,109.5,1.204,1.206,1.002,1.894,1.001,1.204,1.205,1.203,1.490,2.504,1.490,2.504,1.485,1.491,1.493,1.490,

2013.10.11 11:05:50, 110.0,110.5,35.0,118.5,33.5,110.0,110.5,109.5,1.203,1.206,1.002,1.894,1.001,1.204,1.205,1.203,1.491,2.504,1.490,2.504,1.485,1.491,1.493,1.490,

2013.10.11 11:05:51, 110.0,110.5,35.0,118.5,33.5,110.1,110.5,110.0,1.204,1.206,1.002,1.894,1.001,1.204,1.205,1.203,1.491,2.504,1.490,2.504,1.485,1.491,1.493,1.490,

2013.10.11 11:05:52, 110.0,110.5,35.0,118.5,33.5,110.1,110.5,110.0,1.204,1.206,1.002,1.894,1.001,1.204,1.205,1.203,1.492,2.504,1.490,2.504,1.485,1.491,1.493,1.490,

2013.10.11 11:05:53, 110.0,110.5,35.0,118.5,33.5,110.0,110.5,110.0,1.204,1.206,1.002,1.894,1.001,1.204,1.205,1.203,1.490,2.504,1.490,2.504,1.485,1.491,1.493,1.490,

2013.10.11 11:05:54, 110.0,110.5,35.0,118.5,33.5,110.0,110.5,110.0,1.204,1.206,1.002,1.894,1.001,1.204,1.205,1.203,1.492,2.504,1.490,2.504,1.485,1.491,1.492,1.490,

2013.10.11 11:05:55, 110.0,110.5,35.0,118.5,33.5,110.0,110.5,110.0,1.204,1.206,1.002,1.894,1.001,1.204,1.205,1.203,1.491,2.504,1.490,2.504,1.485,1.491,1.492,1.490,

2013.10.11 11:05:56, 110.0,110.5,35.0,118.5,33.5,110.0,110.5,110.0,1.203,1.206,1.002,1.894,1.001,1.204,1.205,1.203,1.491,2.504,1.490,2.504,1.485,1.491,1.492,1.490,

2013.10.11 11:05:57, 110.0,110.5,35.0,118.5,33.5,110.0,110.5,110.0,1.204,1.206,1.002,1.894,1.001,1.204,1.205,1.203,1.492,2.504,1.490,2.504,1.485,1.491,1.492,1.490,

2013.10.11 11:05:58, 109.5,110.5,35.0,118.5,33.5,110.0,110.5,109.5,1.204,1.206,1.002,1.894,1.001,1.204,1.205,1.203,1.491,2.504,1.490,2.504,1.485,1.491,1.492,1.490,

2013.10.11 11:05:59, 110.0,110.5,35.0,118.5,33.5,110.0,110.5,109.5,1.205,1.206,1.002,1.894,1.001,1.204,1.205,1.203,1.492,2.504,1.490,2.504,1.485,1.491,1.492,1.490,

2013.10.11 11:06:00, 109.5,110.5,35.0,118.5,33.5,110.0,110.5,109.5,1.204,1.206,1.002,1.894,1.001,1.204,1.205,1.203,1.491,2.504,1.490,2.504,1.485,1.491,1.492,1.490,

2013.10.11 11:06:01, 109.5,110.5,35.0,118.5,33.5,109.9,110.5,109.5,1.204,1.206,1.002,1.894,1.001,1.204,1.205,1.203,1.492,2.504,1.490,2.504,1.485,1.491,1.492,1.490,

2013.10.11 11:06:02, 110.0,110.5,35.0,118.5,33.5,109.9,110.5,109.5,1.204,1.206,1.002,1.894,1.001,1.204,1.205,1.203,1.492,2.504,1.490,2.504,1.485,1.491,1.492,1.490,

2013.10.11 11:06:03, 110.0,110.5,35.0,118.5,33.5,109.9,110.5,109.5,1.204,1.206,1.002,1.894,1.001,1.204,1.205,1.203,1.491,2.504,1.490,2.504,1.485,1.491,1.492,1.490,

2013.10.11 11:06:04, 109.5,110.5,35.0,118.5,33.5,109.9,110.0,109.5,1.204,1.206,1.002,1.894,1.001,1.204,1.205,1.203,1.492,2.504,1.490,2.504,1.485,1.491,1.492,1.490,

2013.10.11 11:06:05, 109.5,110.5,35.0,118.5,33.5,109.8,110.0,109.5,1.203,1.206,1.002,1.894,1.001,1.204,1.205,1.203,1.491,2.504,1.490,2.504,1.485,1.491,1.492,1.490,

2013.10.11 11:06:06, 109.5,110.5,35.0,118.5,33.5,109.8,110.0,109.5,1.203,1.206,1.002,1.894,1.001,1.204,1.205,1.203,1.492,2.504,1.490,2.504,1.485,1.491,1.492,1.490,

2013.10.11 11:06:07, 109.5,110.5,35.0,118.5,33.5,109.8,110.0,109.5,1.203,1.206,1.002,1.894,1.001,1.204,1.205,1.203,1.492,2.504,1.490,2.504,1.485,1.492,1.492,1.490,

2013.10.11 11:06:08, 109.5,110.5,35.0,118.5,33.5,109.8,110.0,109.5,1.204,1.206,1.002,1.894,1.001,1.204,1.205,1.203,1.492,2.504,1.490,2.504,1.485,1.492,1.492,1.490,

2013.10.11 11:06:09, 109.5,110.5,35.0,118.5,33.5,109.7,110.0,109.5,1.204,1.206,1.002,1.894,1.001,1.204,1.205,1.203,1.493,2.504,1.490,2.504,1.485,1.492,1.493,1.491,

2013.10.11 11:06:10, 109.0,110.5,35.0,118.5,33.5,109.7,110.0,109.0,1.203,1.206,1.002,1.894,1.001,1.204,1.205,1.203,1.492,2.504,1.490,2.504,1.485,1.492,1.493,1.491,

2013.10.11 11:06:11, 109.0,110.5,35.0,118.5,33.5,109.6,110.0,109.0,1.203,1.206,1.002,1.894,1.001,1.204,1.205,1.203,1.491,2.504,1.490,2.504,1.485,1.492,1.493,1.491,

2013.10.11 11:06:12, 109.0,110.5,35.0,118.5,33.5,109.5,110.0,109.0,1.203,1.206,1.002,1.894,1.001,1.204,1.205,1.203,1.492,2.504,1.490,2.504,1.485,1.492,1.493,1.491,

2013.10.11 11:06:13, 109.0,110.5,35.0,118.5,33.5,109.5,110.0,109.0,1.203,1.206,1.002,1.894,1.001,1.204,1.205,1.203,1.493,2.504,1.490,2.504,1.485,1.492,1.493,1.491,

2013.10.11 11:06:14, 109.0,110.5,35.0,118.5,33.5,109.4,110.0,109.0,1.203,1.206,1.002,1.894,1.001,1.204,1.205,1.203,1.492,2.504,1.490,2.504,1.485,1.492,1.493,1.491,

2013.10.11 11:06:15, 108.5,110.5,35.0,118.5,33.5,109.3,110.0,108.5,1.203,1.206,1.002,1.894,1.001,1.203,1.204,1.203,1.492,2.504,1.490,2.504,1.485,1.492,1.493,1.491,

2013.10.11 11:06:16, 108.5,110.5,35.0,118.5,33.5,109.3,110.0,108.5,1.203,1.206,1.002,1.894,1.001,1.203,1.204,1.203,1.492,2.504,1.490,2.504,1.485,1.492,1.493,1.491,

2013.10.11 11:06:17, 107.5,110.5,35.0,118.5,33.5,109.2,110.0,107.5,1.202,1.206,1.002,1.894,1.001,1.203,1.204,1.202,1.493,2.504,1.490,2.504,1.485,1.492,1.493,1.491,

2013.10.11 11:06:18, 106.0,110.5,35.0,118.5,33.5,108.9,110.0,106.0,1.201,1.206,1.002,1.894,1.001,1.203,1.204,1.201,1.494,2.504,1.490,2.504,1.485,1.492,1.494,1.491,

2013.10.11 11:06:19, 105.0,110.5,35.0,118.5,33.5,108.6,109.5,105.0,1.201,1.206,1.002,1.894,1.001,1.203,1.204,1.201,1.494,2.504,1.490,2.504,1.485,1.492,1.494,1.491,

2013.10.11 11:06:20, 104.0,110.5,35.0,118.5,33.5,108.3,109.5,104.0,1.200,1.206,1.002,1.894,1.001,1.203,1.204,1.200,1.495,2.504,1.490,2.504,1.485,1.493,1.495,1.491,

2013.10.11 11:06:21, 102.5,110.5,35.0,118.5,33.5,107.8,109.5,102.5,1.200,1.206,1.002,1.894,1.001,1.202,1.204,1.200,1.496,2.504,1.490,2.504,1.485,1.493,1.496,1.491,

2013.10.11 11:06:22, 101.5,110.5,35.0,118.5,33.5,107.3,109.5,101.5,1.198,1.206,1.002,1.894,1.001,1.202,1.204,1.198,1.497,2.504,1.490,2.504,1.485,1.493,1.497,1.491,

2013.10.11 11:06:23, 100.5,110.5,35.0,118.5,33.5,106.8,109.5,100.5,1.199,1.206,1.002,1.894,1.001,1.202,1.204,1.198,1.498,2.504,1.490,2.504,1.485,1.494,1.498,1.491,

2013.10.11 11:06:24, 99.0,110.5,35.0,118.5,33.5,106.1,109.5,99.0,1.197,1.206,1.002,1.894,1.001,1.201,1.204,1.197,1.498,2.504,1.490,2.504,1.485,1.494,1.498,1.491,

2013.10.11 11:06:25, 98.0,110.5,35.0,118.5,33.5,105.4,109.0,98.0,1.197,1.206,1.002,1.894,1.001,1.201,1.203,1.197,1.499,2.504,1.490,2.504,1.485,1.494,1.499,1.491,

2013.10.11 11:06:26, 97.0,110.5,35.0,118.5,33.5,104.6,109.0,97.0,1.197,1.206,1.002,1.894,1.001,1.201,1.203,1.197,1.498,2.504,1.490,2.504,1.485,1.495,1.499,1.491,

2013.10.11 11:06:27, 96.0,110.5,35.0,118.5,33.5,103.8,109.0,96.0,1.197,1.206,1.002,1.894,1.001,1.200,1.203,1.197,1.499,2.504,1.490,2.504,1.485,1.495,1.499,1.492,

2013.10.11 11:06:28, 95.0,110.5,35.0,118.5,33.5,102.9,109.0,95.0,1.196,1.206,1.002,1.894,1.001,1.200,1.203,1.196,1.499,2.504,1.490,2.504,1.485,1.496,1.499,1.492,

2013.10.11 11:06:29, 94.0,110.5,35.0,118.5,33.5,102.0,109.0,94.0,1.195,1.206,1.002,1.894,1.001,1.199,1.203,1.195,1.500,2.504,1.490,2.504,1.485,1.496,1.500,1.492,

2013.10.11 11:06:30, 93.0,110.5,35.0,118.5,33.5,101.0,108.5,93.0,1.194,1.206,1.002,1.894,1.001,1.199,1.203,1.194,1.500,2.504,1.490,2.504,1.485,1.497,1.500,1.492,

2013.10.11 11:06:31, 92.0,110.5,35.0,118.5,33.5,100.0,108.5,92.0,1.194,1.206,1.002,1.894,1.001,1.198,1.203,1.194,1.500,2.504,1.490,2.504,1.485,1.497,1.500,1.492,

2013.10.11 11:06:32, 91.0,110.5,35.0,118.5,33.5,98.9,107.5,91.0,1.194,1.206,1.002,1.894,1.001,1.198,1.202,1.194,1.500,2.504,1.490,2.504,1.485,1.497,1.500,1.493,

2013.10.11 11:06:33, 90.0,110.5,35.0,118.5,33.5,97.8,106.0,90.0,1.193,1.206,1.002,1.894,1.001,1.197,1.201,1.193,1.500,2.504,1.490,2.504,1.485,1.498,1.500,1.494,

2013.10.11 11:06:34, 89.5,110.5,35.0,118.5,33.5,96.8,105.0,89.5,1.192,1.206,1.002,1.894,1.001,1.197,1.201,1.192,1.500,2.504,1.490,2.504,1.485,1.498,1.500,1.494,

2013.10.11 11:06:35, 88.5,110.5,35.0,118.5,33.5,95.7,104.0,88.5,1.192,1.206,1.002,1.894,1.001,1.196,1.200,1.192,1.502,2.504,1.490,2.504,1.485,1.499,1.502,1.495,

2013.10.11 11:06:36, 87.5,110.5,35.0,118.5,33.5,94.7,102.5,87.5,1.192,1.206,1.002,1.894,1.001,1.195,1.200,1.192,1.501,2.504,1.490,2.504,1.485,1.499,1.502,1.496,

2013.10.11 11:06:37, 87.0,110.5,35.0,118.5,33.5,93.7,101.5,87.0,1.192,1.206,1.002,1.894,1.001,1.195,1.199,1.192,1.501,2.504,1.490,2.504,1.485,1.500,1.502,1.497,

2013.10.11 11:06:38, 86.0,110.5,35.0,118.5,33.5,92.8,100.5,86.0,1.192,1.206,1.002,1.894,1.001,1.195,1.199,1.192,1.502,2.504,1.490,2.504,1.485,1.500,1.502,1.498,

2013.10.11 11:06:39, 85.0,110.5,35.0,118.5,33.5,91.8,99.0,85.0,1.191,1.206,1.002,1.894,1.001,1.194,1.197,1.191,1.501,2.504,1.490,2.504,1.485,1.500,1.502,1.498,

2013.10.11 11:06:40, 84.5,110.5,35.0,118.5,33.5,90.9,98.0,84.5,1.191,1.206,1.002,1.894,1.001,1.194,1.197,1.191,1.501,2.504,1.490,2.504,1.485,1.500,1.502,1.498,

2013.10.11 11:06:41, 83.5,110.5,35.0,118.5,33.5,90.0,97.0,83.5,1.190,1.206,1.002,1.894,1.001,1.193,1.197,1.190,1.502,2.504,1.490,2.504,1.485,1.500,1.502,1.498,

2013.10.11 11:06:42, 83.0,110.5,35.0,118.5,33.5,89.1,96.0,83.0,1.190,1.206,1.002,1.894,1.001,1.193,1.197,1.190,1.502,2.504,1.490,2.504,1.485,1.501,1.502,1.499,

2013.10.11 11:06:43, 82.5,110.5,35.0,118.5,33.5,88.3,95.0,82.5,1.190,1.206,1.002,1.894,1.001,1.192,1.196,1.190,1.502,2.504,1.490,2.504,1.485,1.501,1.502,1.499,

2013.10.11 11:06:44, 81.5,110.5,35.0,118.5,33.5,87.4,94.0,81.5,1.189,1.206,1.002,1.894,1.001,1.192,1.195,1.189,1.501,2.504,1.490,2.504,1.485,1.501,1.502,1.500,

2013.10.11 11:06:45, 81.0,110.5,35.0,118.5,33.5,86.6,93.0,81.0,1.189,1.206,1.002,1.894,1.001,1.192,1.194,1.189,1.501,2.504,1.490,2.504,1.485,1.501,1.502,1.500,

2013.10.11 11:06:46, 80.5,110.5,35.0,118.5,33.5,85.8,92.0,80.5,1.188,1.206,1.002,1.894,1.001,1.191,1.194,1.188,1.502,2.504,1.490,2.504,1.485,1.501,1.502,1.500,

2013.10.11 11:06:47, 79.5,110.5,35.0,118.5,33.5,85.0,91.0,79.5,1.188,1.206,1.002,1.894,1.001,1.191,1.194,1.188,1.502,2.504,1.490,2.504,1.485,1.501,1.502,1.500,

2013.10.11 11:06:48, 79.0,110.5,35.0,118.5,33.5,84.3,90.0,79.0,1.187,1.206,1.002,1.894,1.001,1.190,1.193,1.187,1.502,2.504,1.490,2.504,1.485,1.501,1.502,1.500,

2013.10.11 11:06:49, 78.5,110.5,35.0,118.5,33.5,83.6,89.5,78.5,1.187,1.206,1.002,1.894,1.001,1.190,1.192,1.187,1.500,2.504,1.490,2.504,1.485,1.501,1.502,1.500,

2013.10.11 11:06:50, 77.5,110.5,35.0,118.5,33.5,82.8,88.5,77.5,1.186,1.206,1.002,1.894,1.001,1.190,1.192,1.186,1.500,2.504,1.490,2.504,1.485,1.501,1.502,1.500,

2013.10.11 11:06:51, 77.0,110.5,35.0,118.5,33.5,82.1,87.5,77.0,1.187,1.206,1.002,1.894,1.001,1.189,1.192,1.186,1.501,2.504,1.490,2.504,1.485,1.501,1.502,1.500,

2013.10.11 11:06:52, 76.5,110.5,35.0,118.5,33.5,81.4,87.0,76.5,1.187,1.206,1.002,1.894,1.001,1.189,1.192,1.186,1.502,2.504,1.490,2.504,1.485,1.501,1.502,1.500,

2013.10.11 11:06:53, 75.5,110.5,35.0,118.5,33.5,80.7,86.0,75.5,1.187,1.206,1.002,1.894,1.001,1.189,1.192,1.186,1.500,2.504,1.490,2.504,1.485,1.501,1.502,1.500,

2013.10.11 11:06:54, 75.0,110.5,35.0,118.5,33.5,80.0,85.0,75.0,1.185,1.206,1.002,1.894,1.001,1.188,1.191,1.185,1.501,2.504,1.490,2.504,1.485,1.501,1.502,1.500,

2013.10.11 11:06:55, 74.5,110.5,35.0,118.5,33.5,79.3,84.5,74.5,1.186,1.206,1.002,1.894,1.001,1.188,1.191,1.185,1.500,2.504,1.490,2.504,1.485,1.501,1.502,1.500,

2013.10.11 11:06:56, 74.0,110.5,35.0,118.5,33.5,78.7,83.5,74.0,1.184,1.206,1.002,1.894,1.001,1.187,1.190,1.184,1.501,2.504,1.490,2.504,1.485,1.501,1.502,1.500,

2013.10.11 11:06:57, 73.5,110.5,35.0,118.5,33.5,78.1,83.0,73.5,1.185,1.206,1.002,1.894,1.001,1.187,1.190,1.184,1.501,2.504,1.490,2.504,1.485,1.501,1.502,1.500,

2013.10.11 11:06:58, 73.0,110.5,35.0,118.5,33.5,77.4,82.5,73.0,1.184,1.206,1.002,1.894,1.001,1.187,1.190,1.184,1.501,2.504,1.490,2.504,1.485,1.501,1.502,1.500,

2013.10.11 11:06:59, 72.5,110.5,35.0,118.5,33.5,76.8,81.5,72.5,1.184,1.206,1.002,1.894,1.001,1.186,1.189,1.184,1.501,2.504,1.490,2.504,1.485,1.501,1.502,1.500,

2013.10.11 11:07:00, 71.5,110.5,35.0,118.5,33.5,76.2,81.0,71.5,1.185,1.206,1.002,1.894,1.001,1.186,1.189,1.184,1.501,2.504,1.490,2.504,1.485,1.501,1.502,1.500,

2013.10.11 11:07:01, 71.5,110.5,35.0,118.5,33.5,75.6,80.5,71.5,1.184,1.206,1.002,1.894,1.001,1.186,1.188,1.184,1.500,2.504,1.490,2.504,1.485,1.501,1.502,1.500,

2013.10.11 11:07:02, 71.0,110.5,35.0,118.5,33.5,75.0,79.5,71.0,1.184,1.206,1.002,1.894,1.001,1.186,1.188,1.184,1.500,2.504,1.490,2.504,1.485,1.501,1.502,1.500,

